Sentiment,Count,Percentage
Neutral,5138,63.53406702114505
Positive,1997,24.693953258315815
Negative,952,11.771979720539138
